Layer,Magnitude,Separation
1,12.02983283996582,0.01263892650604248
6,108.71412658691406,0.0067108869552612305
11,113.27560424804688,0.0073430538177490234
