Layer,Magnitude
1,12.02983283996582
6,108.71412658691406
11,113.27560424804688
